
<beans xmlns="http://www.springframework.org/schema/beans"
	xmlns:mvc="http://www.springframework.org/schema/mvc" xmlns:context="http://www.springframework.org/schema/context"
	xmlns:xsi="http://www.w3.org/2001/XMLSchema-instance"
	xsi:schemaLocation="http://www.springframework.org/schema/beans
	http://www.springframework.org/schema/beans/spring-beans-4.1.xsd
	http://www.springframework.org/schema/mvc 
	http://www.springframework.org/schema/mvc/spring-mvc-4.1.xsd
	http://www.springframework.org/schema/context
	http://www.springframework.org/schema/context/spring-context-4.1.xsd">

	<context:component-scan base-package="com.honeypot.controllers" />
	<mvc:annotation-driven />
	<!-- <mvc:default-servlet-handler/> -->
	<mvc:resources mapping="/js/**" location="/js/" />
	<!-- <mvc:resources mapping="/css/**" location="/css/" /> -->

	<!-- <mvc:resources mapping="/images/**" location="/images/" /> -->


	<!-- <import resource="spring-database.xml"/> -->
	<!-- <import resource="spring-security.xml"/> -->
	<!-- <import resource="session-vars.xml"/> -->



	<bean id="templateResolver"
		class="org.thymeleaf.templateresolver.ServletContextTemplateResolver">
		<property name="prefix" value="/WEB-INF/views/" />
		<property name="suffix" value=".html" />
		<property name="templateMode" value="HTML5" />
	</bean>

	<bean id="templateEngine" class="org.thymeleaf.spring4.SpringTemplateEngine">
		<property name="templateResolver" ref="templateResolver" />
		<property name="additionalDialects">
			<set>
				<!-- <bean class="nz.net.ultraq.thymeleaf.LayoutDialect" /> -->
				<bean class="org.thymeleaf.spring4.dialect.SpringStandardDialect" />
				<!-- <bean class="org.thymeleaf.extras.springsecurity4.dialect.SpringSecurityDialect"/> -->
			</set>
		</property>
	</bean>

	<bean class="org.thymeleaf.spring4.view.ThymeleafViewResolver">
		<property name="templateEngine" ref="templateEngine" />
	</bean>



	<!-- <bean id="filterMultipartResolver" class="org.springframework.web.multipart.commons.CommonsMultipartResolver"> -->
	<!-- <property name="maxUploadSize" value="100000000" /> -->
	<!-- </bean> -->

	<!-- <bean name="jsonTemplate" class="org.springframework.web.servlet.view.json.MappingJackson2JsonView"/> -->
	<!-- <bean id="jsonMessageConverter" class="org.springframework.http.converter.json.MappingJackson2HttpMessageConverter"/> -->
	<!-- Configure to plugin JSON as request and response in method handler -->
	<!-- <bean class="org.springframework.web.servlet.mvc.method.annotation.RequestMappingHandlerAdapter"> -->
	<!-- <property name="messageConverters"> -->
	<!-- <list> -->
	<!-- <ref bean="jsonMessageConverter"/> -->
	<!-- </list> -->
	<!-- </property> -->
	<!-- </bean> -->

	<!-- <bean id="messageSource" -->
	<!-- class="org.springframework.context.support.ResourceBundleMessageSource"> -->
	<!-- <property name="basename" value="validation" /> -->
	<!-- </bean> -->

	<!-- <bean id="runtimeConfig" class="org.springframework.beans.factory.config.PropertiesFactoryBean"> -->
	<!-- <property name="location" value="classpath:others/validation.properties"/> -->
	<!-- <property name="locations"> -->
	<!-- <list> -->
	<!-- <value>/WEB-INF/*.properties</value> -->
	<!-- <value>file:///${user.home}/validation.properties</value> -->
	<!-- </list> -->
	<!-- </property> -->
	<!-- <property name="ignoreResourceNotFound" value="false"/> -->
	<!-- </bean> -->
	<!-- <context:property-placeholder properties-ref="runtimeConfig" /> -->


</beans>