<beans:beans xmlns="http://www.springframework.org/schema/security"
	xmlns:beans="http://www.springframework.org/schema/beans" 
	xmlns:xsi="http://www.w3.org/2001/XMLSchema-instance"
	xsi:schemaLocation="http://www.springframework.org/schema/beans
	http://www.springframework.org/schema/beans/spring-beans-4.1.xsd
	http://www.springframework.org/schema/security
	http://www.springframework.org/schema/security/spring-security-4.0.xsd">
 
 
    <!-- <global-method-security secured-annotations="enabled"/> -->
    
    
    
    <!-- Form and Security Access Configuration -->
	<http auto-config="true" use-expressions="true" disable-url-rewriting="true">
<!-- 		<intercept-url pattern="/welcome**/**" access="hasAnyRole('ROLE_ADMIN','ROLE_USER')" /> -->
<!-- 		<intercept-url pattern="/admin**/**" access="hasAnyRole('ROLE_ADMIN','ROLE_ADMIN_READ','ROLE_USER')" /> -->
<!-- 		<intercept-url pattern="/managerWorkbench**/**" access="hasAnyRole('ROLE_MANAGER','ROLE_MANAGER_READ')" /> -->
<!-- 		<intercept-url pattern="/testingWorkbench**/**" access="hasAnyRole('ROLE_MANAGER','ROLE_MANAGER_READ')" /> -->
		<!-- 
		<headers>
             <cache-control disabled="true"/>
        </headers>
		 -->

<!-- 		<access-denied -handler error-page="/403" /> -->
		
		<session-management invalid-session-url="/login.html?session-expired=1">
            <concurrency-control max-sessions="10" expired-url="/login.html?session-expired=1" />
        </session-management>
		
		<form-login login-page="/login.html" 
			        authentication-failure-url="/login.html?error=true" 
					default-target-url="/checkUserLoginBlank"
			        always-use-default-target="true"
			        login-processing-url="/j_spring_security_check"
			        username-parameter="j_username"
			        password-parameter="j_password"/>
			
			 <logout invalidate-session="true"
			         logout-success-url="/login.html" 
			         delete-cookies="JSESSIONID"
			 	     logout-url="/j_spring_security_logout"/>
			 	     
			<csrf/>
			<!-- <csrf disabled="true"/> -->
	</http>
 

	
	<authentication-manager>
		<authentication-provider user-service-ref="userDetailsService">
			<password-encoder ref="bcryptEncoder"></password-encoder>  
		</authentication-provider>
	</authentication-manager>
	
	
	<beans:bean id="authProvider" 
		class="org.springframework.security.authentication.dao.DaoAuthenticationProvider">
		<beans:property name="userDetailsService" ref="userDetailsService" />
		<beans:property name="passwordEncoder" ref="bcryptEncoder" />
	</beans:bean>
	
	<beans:bean id="bcryptEncoder" class="org.springframework.security.crypto.bcrypt.BCryptPasswordEncoder">
		<beans:constructor-arg name="strength" value="10" />
	</beans:bean>
	 
	

	<beans:bean id="userDetailsService" class="com.accenture.common.service.impl.UserDetailsServiceImpl" />
	
</beans:beans>
